{"cameraMode":{"drawMode":0,"name":"Shaded","section":"Shading Mode"},"sceneLighting":true,"audioPlay":false,"sceneViewState":{"showFog":true,"showMaterialUpdate":false,"showSkybox":true,"showFlares":true,"showImageEffects":true,"showParticleSystems":true},"in2DMode":false,"pivot":{"x":-22.235620498657228,"y":-27.428049087524415,"z":53.99015808105469},"rotation":{"x":-0.2230418175458908,"y":0.19783179461956025,"z":-0.04628307372331619,"w":-0.9534052610397339},"size":70.27102661132813,"orthographic":false}